id,is_team1_won
2,1
3,1
7,1
9,1
11,1
21,1
22,1
28,1
29,1
30,1
34,1
35,1
39,1
43,1
44,1
50,1
52,1
53,1
57,1
58,1
63,1
64,1
65,1
66,1
67,1
69,1
70,1
78,1
81,1
82,1
83,1
85,1
88,1
89,1
90,1
96,1
98,1
99,1
100,1
101,1
105,1
107,1
110,1
112,1
116,1
122,1
124,1
125,1
126,1
127,1
128,1
129,1
132,1
134,1
135,1
136,1
142,1
143,1
144,1
149,1
150,1
157,1
158,1
163,1
165,1
166,1
167,1
168,1
170,1
171,1
175,1
176,1
178,1
180,1
181,1
183,1
185,1
186,1
192,1
195,1
196,1
197,1
199,1
201,1
203,1
206,1
207,1
209,1
213,1
218,1
219,1
220,1
222,1
227,1
229,1
230,1
231,1
232,1
235,1
237,1
238,1
242,1
244,1
247,1
248,1
260,1
262,1
263,1
266,1
268,1
270,1
271,1
272,1
276,1
283,1
284,1
285,1
289,1
291,1
292,1
293,1
295,1
301,1
304,1
306,1
307,1
308,1
309,1
311,1
314,1
317,1
322,1
325,1
327,1
329,1
331,1
332,1
335,1
339,1
340,1
344,1
348,1
349,1
352,1
354,1
357,1
359,1
360,1
362,1
364,1
367,1
372,1
378,1
380,1
381,1
383,1
387,1
389,1
390,1
391,1
392,1
395,1
396,1
397,1
399,1
403,1
404,1
406,1
409,1
411,1
416,1
422,1
425,1
426,1
430,1
432,1
434,1
437,1
438,1
440,1
443,1
444,1
445,1
447,1
448,1
449,1
451,1
452,1
458,1
459,1
460,1
462,1
465,1
466,1
470,1
475,1
477,1
478,1
479,1
480,1
482,1
485,1
492,1
493,1
496,1
497,1
499,1
504,1
508,1
509,1
513,1
516,1
518,1
519,1
520,1
522,1
529,1
531,1
535,1
538,1
539,1
541,1
542,1
544,1
546,1
548,1
549,1
550,1
552,1
554,1
555,1
559,1
562,1
564,1
565,1
566,1
568,1
569,1
574,1
579,1
580,1
581,1
584,1
586,1
589,1
590,1
593,1
596,1
600,1
602,1
603,1
604,1
605,1
607,1
609,1
611,1
612,1
615,1
617,1
619,1
620,1
622,1
624,1
631,1
632,1
636,1
639,1
640,1
642,1
646,1
653,1
655,1
656,1
657,1
660,1
663,1
664,1
665,1
667,1
668,1
671,1
675,1
676,1
679,1
680,1
681,1
684,1
689,1
690,1
693,1
694,1
695,1
696,1
697,1
698,1
700,1
701,1
703,1
706,1
707,1
709,1
712,1
715,1
716,1
721,1
726,1
727,1
731,1
732,1
736,1
739,1
740,1
746,1
749,1
750,1
751,1
752,1
753,1
754,1
755,1
756,1
757,1
758,1
760,1
761,1
763,1
770,1
779,1
782,1
785,1
786,1
787,1
788,1
794,1
795,1
800,1
802,1
804,1
805,1
806,1
810,1
811,1
813,1
815,1
817,1
819,1
821,1
823,1
824,1
825,1
826,1
827,1
829,1
830,1
831,1
832,1
834,1
835,1
836,1
839,1
840,1
841,1
844,1
845,1
846,1
849,1
853,1
858,1
861,1
862,1
865,1
867,1
869,1
870,1
872,1
873,1
874,1
876,1
877,1
878,1
879,1
883,1
887,1
892,1
893,1
894,1
895,1
899,1
904,1
906,1
908,1
909,1
914,1
915,1
916,1
920,1
924,1
925,1
927,1
935,1
937,1
941,1
942,1
943,1
945,1
946,1
947,1
948,1
952,1
954,1
955,1
956,1
957,1
960,1
965,1
967,1
969,1
973,1
976,1
978,1
980,1
981,1
983,1
986,1
987,1
991,1
993,1
995,1
996,1
999,1
1002,1
1003,1
1005,1
1008,1
1017,1
1018,1
1021,1
1022,1
1025,1
1026,1
1027,1
1031,1
1032,1
1037,1
1039,1
1041,1
1042,1
1043,1
1044,1
1047,1
1048,1
1049,1
1051,1
1059,1
1060,1
1061,1
1062,1
1063,1
1064,1
1066,1
1067,1
1070,1
1071,1
1072,1
1073,1
1074,1
1081,1
1083,1
1086,1
1087,1
1089,1
1091,1
1092,1
1093,1
1098,1
1101,1
1104,1
1106,1
1108,1
1110,1
1113,1
1117,1
1119,1
1121,1
1123,1
1132,1
1136,1
1141,1
1145,1
1146,1
1148,1
1149,1
1150,1
1152,1
1154,1
1156,1
1161,1
1163,1
1166,1
1169,1
1174,1
1175,1
1176,1
1177,1
1179,1
1181,1
1184,1
1185,1
1186,1
1187,1
1188,1
1194,1
1195,1
1197,1
1199,1
1202,1
1204,1
1205,1
1206,1
1208,1
1211,1
1222,1
1223,1
1226,1
1227,1
1229,1
1232,1
1234,1
1237,1
1239,1
1241,1
1244,1
1246,1
1252,1
1253,1
1258,1
1260,1
1266,1
1267,1
1275,1
1278,1
1282,1
1283,1
1286,1
1289,1
1290,1
1292,1
1294,1
1295,1
1297,1
1301,1
1303,1
1304,1
1307,1
1309,1
1313,1
1315,1
1317,1
1318,1
1322,1
1325,1
1326,1
1331,1
1333,1
1335,1
1337,1
1339,1
1341,1
1343,1
1344,1
1346,1
1347,1
1349,1
1353,1
1354,1
1358,1
1359,1
1360,1
1361,1
1362,1
1371,1
1372,1
1374,1
1377,1
1378,1
1381,1
1382,1
1384,1
1386,1
1388,1
1389,1
1390,1
1394,1
1397,1
1398,1
1400,1
1404,1
1407,1
1412,1
1417,1
1418,1
1422,1
1428,1
1429,1
1430,1
1433,1
1435,1
1436,1
1438,1
1440,1
1441,1
1442,1
1448,1
1449,1
1454,1
1457,1
1458,1
1460,1
1462,1
1466,1
1470,1
1471,1
1473,1
1474,1
1475,1
1476,1
1477,1
1480,1
1483,1
1484,1
1486,1
1487,1
1488,1
1490,1
1491,1
1495,1
1499,1
1504,1
1505,1
1506,1
1507,1
1510,1
1512,1
1513,1
1515,1
1516,1
1518,1
1519,1
1520,1
1523,1
1525,1
1530,1
1533,1
1538,1
1539,1
1541,1
1545,1
1547,1
1548,1
1549,1
1551,1
1560,1
1562,1
1564,1
1568,1
1571,1
1572,1
1573,1
1574,1
1575,1
1577,1
1581,1
1583,1
1586,1
1587,1
1594,1
1595,1
1596,1
1602,1
1604,1
1605,1
1606,1
1607,1
1610,1
1614,1
1615,1
1616,1
1617,1
1619,1
1621,1
1623,1
1625,1
1629,1
1631,1
1634,1
1636,1
1637,1
1638,1
1642,1
1644,1
1646,1
1647,1
1651,1
1653,1
1656,1
1657,1
1659,1
1663,1
1664,1
1665,1
1670,1
1671,1
1672,1
1674,1
1678,1
1681,1
1682,1
1683,1
1685,1
1692,1
1696,1
1698,1
1702,1
1703,1
1704,1
1706,1
1707,1
1708,1
1711,1
1712,1
1722,1
1723,1
1729,1
1732,1
1734,1
1735,1
1739,1
1741,1
1746,1
1748,1
1751,1
1752,1
1753,1
1754,1
1757,1
1760,1
1762,1
1766,1
1767,1
1769,1
1772,1
1774,1
1777,1
1778,1
1780,1
1782,1
1783,1
1786,1
1788,1
1792,1
1794,1
1796,1
1798,1
1803,1
1804,1
1806,1
1811,1
1813,1
1815,1
1817,1
1821,1
1822,1
1825,1
1826,1
1829,1
1830,1
1832,1
1833,1
1835,1
1838,1
1843,1
1844,1
1848,1
1849,1
1850,1
1851,1
1855,1
1857,1
1859,1
1863,1
1864,1
1866,1
1867,1
1868,1
1870,1
1872,1
1880,1
1881,1
1883,1
1885,1
1888,1
1889,1
1890,1
1891,1
1892,1
1894,1
1896,1
1902,1
1903,1
1904,1
1907,1
1909,1
1914,1
1916,1
1919,1
1922,1
1923,1
1926,1
1928,1
1930,1
1932,1
1936,1
1938,1
1940,1
1941,1
1945,1
1947,1
1951,1
1953,1
1954,1
1959,1
1963,1
1965,1
1971,1
1974,1
1975,1
1977,1
1981,1
1983,1
1985,1
1986,1
1987,1
1988,1
1990,1
1997,1
2000,1
2005,1
2007,1
2009,1
2010,1
2013,1
2014,1
2015,1
2016,1
2019,1
2020,1
2021,1
2023,1
2026,1
2029,1
2039,1
2043,1
2052,1
2053,1
2066,1
2073,1
2074,1
2077,1
2082,1
2083,1
2084,1
2089,1
2090,1
2092,1
2094,1
2096,1
2097,1
2098,1
2099,1
2100,1
2105,1
2106,1
2107,1
2113,1
2122,1
2126,1
2127,1
2130,1
2132,1
2133,1
2136,1
2137,1
2139,1
2142,1
2144,1
2146,1
2147,1
2149,1
2151,1
2152,1
2158,1
2160,1
2165,1
2167,1
2168,1
2169,1
2171,1
2173,1
2175,1
2176,1
2178,1
2181,1
2190,1
2192,1
2194,1
2205,1
2209,1
2213,1
2217,1
2219,1
2226,1
2228,1
2229,1
2230,1
2233,1
2235,1
2236,1
2237,1
2245,1
2246,1
2247,1
2250,1
2256,1
2261,1
2264,1
2266,1
2267,1
2270,1
2271,1
2273,1
2278,1
2279,1
2281,1
2286,1
2287,1
2292,1
2295,1
2296,1
2297,1
2299,1
2300,1
2307,1
2311,1
2314,1
2321,1
2322,1
2327,1
2328,1
2330,1
2331,1
2332,1
2333,1
2334,1
2338,1
2341,1
2345,1
2350,1
2352,1
2359,1
2361,1
2364,1
2369,1
2370,1
2376,1
2377,1
2379,1
2380,1
2382,1
2383,1
2386,1
2387,1
2391,1
2393,1
2394,1
2395,1
2396,1
2397,1
2399,1
2403,1
2406,1
2407,1
2408,1
2409,1
2412,1
2413,1
2415,1
2416,1
2418,1
2420,1
2423,1
2424,1
2426,1
2427,1
2428,1
2430,1
2431,1
2432,1
2433,1
2436,1
2437,1
2439,1
2443,1
2444,1
2446,1
2447,1
2448,1
2450,1
2451,1
2452,1
2457,1
2460,1
2467,1
2468,1
2469,1
2470,1
2471,1
2472,1
2474,1
2475,1
2478,1
2479,1
2480,1
2481,1
2482,1
2483,1
2486,1
2488,1
2490,1
2492,1
2495,1
2496,1
2499,1
2500,1
2501,1
2502,1
2512,1
2515,1
2517,1
2518,1
2522,1
2525,1
2527,1
2531,1
2532,1
2534,1
2535,1
2536,1
2538,1
2539,1
2541,1
2543,1
2545,1
2546,1
2547,1
2548,1
2551,1
2552,1
2553,1
2555,1
2562,1
2568,1
2569,1
2573,1
2577,1
2578,1
2580,1
2581,1
2584,1
2587,1
2588,1
2589,1
2591,1
2592,1
2594,1
2598,1
2600,1
2602,1
2604,1
2605,1
2610,1
2612,1
2613,1
2614,1
2615,1
2618,1
2619,1
2620,1
2627,1
2630,1
2632,1
2633,1
2635,1
2641,1
2642,1
2646,1
2649,1
2654,1
2662,1
2663,1
2664,1
2667,1
2668,1
2670,1
2671,1
2672,1
2674,1
2676,1
2677,1
2678,1
2679,1
2682,1
2686,1
2688,1
2691,1
2694,1
2698,1
2699,1
2701,1
2702,1
2706,1
2709,1
2710,1
2716,1
2719,1
2720,1
2721,1
2723,1
2727,1
2728,1
2734,1
2735,1
2736,1
2741,1
2742,1
2749,1
2752,1
2757,1
2758,1
2759,1
2761,1
2764,1
2766,1
2769,1
2773,1
2774,1
2778,1
2780,1
2786,1
2790,1
2791,1
2794,1
2795,1
2797,1
2799,1
2800,1
2801,1
2804,1
2805,1
2807,1
2808,1
2810,1
2814,1
2819,1
2825,1
2827,1
2832,1
2835,1
2837,1
2838,1
2839,1
2840,1
2845,1
2846,1
2852,1
2854,1
2859,1
2860,1
2861,1
2862,1
2865,1
2866,1
2869,1
2871,1
2872,1
2873,1
2880,1
2881,1
2882,1
2884,1
2885,1
2889,1
2894,1
2895,1
2896,1
2898,1
2901,1
2905,1
2906,1
2908,1
2909,1
2910,1
2914,1
2915,1
2918,1
2919,1
2922,1
2924,1
2925,1
2927,1
2931,1
2932,1
2938,1
2940,1
2943,1
2944,1
2946,1
2951,1
2959,1
2961,1
2962,1
2963,1
2965,1
2966,1
2967,1
2968,1
2970,1
2972,1
2974,1
2975,1
2976,1
2978,1
2983,1
2984,1
2990,1
2995,1
2996,1
3000,1
3004,1
3009,1
3015,1
3016,1
3017,1
3021,1
3024,1
3025,1
3026,1
3027,1
3028,1
3030,1
3031,1
3032,1
3033,1
3037,1
3038,1
3039,1
3043,1
3045,1
3047,1
3051,1
3055,1
3060,1
3063,1
3065,1
3070,1
3072,1
3075,1
3076,1
3078,1
3079,1
3080,1
3082,1
3083,1
3084,1
3093,1
3094,1
3096,1
3099,1
3100,1
3101,1
3103,1
3107,1
3112,1
3115,1
3118,1
3119,1
3120,1
3124,1
3129,1
3130,1
3138,1
3143,1
3147,1
3148,1
3152,1
3155,1
3156,1
3161,1
3162,1
3166,1
3168,1
3170,1
3174,1
3177,1
3185,1
3186,1
3189,1
3190,1
3192,1
3193,1
3197,1
3198,1
3200,1
3210,1
3211,1
3212,1
3215,1
3216,1
3218,1
3221,1
3223,1
3224,1
3230,1
3233,1
3235,1
3236,1
3237,1
3239,1
3241,1
3243,1
3245,1
3246,1
3248,1
3249,1
3250,1
3253,1
3256,1
3261,1
3266,1
3268,1
3270,1
3271,1
3273,1
3277,1
3280,1
3281,1
3282,1
3284,1
3287,1
3288,1
3289,1
3291,1
3293,1
3295,1
3298,1
3300,1
3304,1
3305,1
3306,1
3309,1
3310,1
3314,1
3317,1
3318,1
3319,1
3323,1
3324,1
3327,1
3328,1
3331,1
3335,1
3337,1
3339,1
3341,1
3346,1
3348,1
3350,1
3354,1
3356,1
3361,1
3366,1
3368,1
3369,1
3372,1
3373,1
3379,1
3385,1
3393,1
3395,1
3399,1
3400,1
3403,1
3405,1
3410,1
3412,1
3415,1
3416,1
3418,1
3420,1
3421,1
3422,1
3431,1
3432,1
3433,1
3435,1
3438,1
3446,1
3447,1
3448,1
3449,1
3452,1
3453,1
3456,1
3459,1
3462,1
3467,1
3469,1
3470,1
3473,1
3474,1
3476,1
3477,1
3479,1
3483,1
3485,1
3487,1
3496,1
3499,1
3501,1
3502,1
3504,1
3505,1
3507,1
3508,1
3510,1
3511,1
3514,1
3516,1
3524,1
3525,1
3530,1
3532,1
3533,1
3535,1
3536,1
3537,1
3539,1
3545,1
3547,1
3548,1
3550,1
3552,1
3560,1
3564,1
3567,1
3573,1
3576,1
3577,1
3581,1
3585,1
3590,1
3592,1
3593,1
3594,1
3601,1
3604,1
3608,1
3609,1
3614,1
3616,1
3621,1
3622,1
3628,1
3630,1
3631,1
3632,1
3639,1
3640,1
3644,1
3646,1
3650,1
3658,1
3660,1
3661,1
3662,1
3665,1
3666,1
3670,1
3673,1
3674,1
3675,1
3679,1
3683,1
3685,1
3687,1
3688,1
3689,1
3693,1
3696,1
3698,1
3699,1
3701,1
3702,1
3703,1
3707,1
3708,1
3711,1
3719,1
3720,1
3721,1
3724,1
3725,1
3727,1
3728,1
3733,1
3734,1
3735,1
3736,1
3737,1
3743,1
3745,1
3747,1
3751,1
3752,1
3759,1
3762,1
3763,1
3764,1
3767,1
3771,1
3772,1
3774,1
3775,1
3776,1
3780,1
3786,1
3787,1
3793,1
3795,1
3796,1
3799,1
3805,1
3806,1
3807,1
3809,1
3813,1
3814,1
3815,1
3818,1
3821,1
3826,1
3827,1
3828,1
3829,1
3830,1
3831,1
3833,1
3837,1
3844,1
3845,1
3846,1
3847,1
3851,1
3853,1
3855,1
3860,1
3868,1
3870,1
3871,1
3878,1
3881,1
3882,1
3883,1
3885,1
3886,1
3889,1
3890,1
3892,1
3895,1
3896,1
3897,1
3904,1
3905,1
3907,1
3908,1
3909,1
3910,1
3914,1
3918,1
3919,1
3924,1
3925,1
3928,1
3929,1
3931,1
3933,1
3938,1
3941,1
3942,1
3943,1
3945,1
3948,1
3950,1
3951,1
3954,1
3955,1
3956,1
3959,1
3961,1
3963,1
3964,1
3967,1
3970,1
3981,1
3983,1
3984,1
3986,1
3989,1
3990,1
3991,1
3995,1
4001,1
4002,1
4003,1
4013,1
4016,1
4017,1
4018,1
4025,1
4027,1
4030,1
4031,1
4033,1
4034,1
4036,1
4038,1
4041,1
4044,1
4046,1
4047,1
4053,1
4062,1
4064,1
4068,1
4069,1
4072,1
4073,1
4076,1
4077,1
4078,1
4086,1
4089,1
4091,1
4092,1
4094,1
4095,1
4100,1
4102,1
4105,1
4107,1
4109,1
4110,1
4118,1
4122,1
4126,1
4128,1
4129,1
4134,1
4137,1
4143,1
4153,1
4154,1
4158,1
4161,1
4166,1
4170,1
4173,1
4174,1
4176,1
4179,1
4185,1
4187,1
4190,1
4192,1
4196,1
4200,1
4201,1
4206,1
4209,1
4210,1
4212,1
4215,1
4217,1
4219,1
4223,1
4225,1
4232,1
4237,1
4240,1
4243,1
4244,1
4246,1
4247,1
4248,1
4250,1
4252,1
4254,1
4257,1
4258,1
4260,1
4261,1
4262,1
4263,1
4270,1
4271,1
4272,1
4273,1
4276,1
4279,1
4280,1
4281,1
4284,1
4286,1
4289,1
4296,1
4297,1
4298,1
4299,1
4300,1
4304,1
4306,1
4309,1
4311,1
4312,1
4316,1
4321,1
4327,1
4333,1
4335,1
4344,1
4349,1
4352,1
4357,1
4363,1
4372,1
4373,1
4374,1
4375,1
4378,1
4382,1
4384,1
4391,1
4393,1
4394,1
4395,1
4396,1
4400,1
4402,1
4404,1
4409,1
4410,1
4413,1
4417,1
4419,1
4420,1
4421,1
4423,1
4427,1
4428,1
4429,1
4432,1
4433,1
4435,1
4441,1
4443,1
4446,1
4451,1
4453,1
4454,1
4455,1
4456,1
4458,1
4460,1
4463,1
4467,1
4468,1
4469,1
4471,1
4473,1
4477,1
4479,1
4480,1
4481,1
4483,1
4484,1
4485,1
4486,1
4489,1
4490,1
4491,1
4493,1
4494,1
4496,1
4500,1
4502,1
4504,1
4506,1
4509,1
4510,1
4511,1
4514,1
4515,1
4517,1
4518,1
4519,1
4521,1
4525,1
4528,1
4532,1
4535,1
4541,1
4543,1
4545,1
4546,1
4551,1
4552,1
4554,1
4557,1
4562,1
4564,1
4565,1
4569,1
4570,1
4572,1
4575,1
4576,1
4578,1
4579,1
4580,1
4585,1
4589,1
4591,1
4597,1
4598,1
4601,1
4602,1
4603,1
4606,1
4608,1
4611,1
4614,1
4616,1
4625,1
4630,1
4631,1
4633,1
4634,1
4635,1
4636,1
4638,1
4640,1
4641,1
4643,1
4646,1
4647,1
4648,1
4649,1
4651,1
4652,1
4656,1
4663,1
4666,1
4669,1
4670,1
4671,1
4673,1
4677,1
4680,1
4682,1
4683,1
4684,1
4687,1
4690,1
4692,1
4701,1
4705,1
4706,1
4708,1
4710,1
4714,1
4715,1
4716,1
4719,1
4726,1
4727,1
4728,1
4730,1
4732,1
4736,1
4743,1
4746,1
4747,1
4748,1
4749,1
4751,1
4752,1
4755,1
4758,1
4772,1
4776,1
4779,1
4780,1
4786,1
4787,1
4788,1
4792,1
4794,1
4802,1
4803,1
4806,1
4807,1
4809,1
4811,1
4814,1
4816,1
4817,1
4820,1
4821,1
4822,1
4824,1
4831,1
4832,1
4840,1
4843,1
4844,1
4849,1
4851,1
4855,1
4856,1
4857,1
4861,1
4865,1
4871,1
4878,1
4881,1
4884,1
4885,1
4887,1
4891,1
4893,1
4894,1
4895,1
4896,1
4899,1
4901,1
4902,1
4904,1
4906,1
4913,1
4918,1
4919,1
4920,1
4921,1
4922,1
4924,1
4928,1
4930,1
4933,1
4935,1
4936,1
4938,1
4943,1
4945,1
4953,1
4955,1
4959,1
4962,1
4964,1
4965,1
4967,1
4968,1
4969,1
4974,1
4975,1
4976,1
4980,1
4981,1
4985,1
4987,1
4988,1
4989,1
4990,1
4991,1
4992,1
4994,1
4995,1
4997,1
4998,1
5001,1
5002,1
5004,1
5009,1
5010,1
5013,1
5014,1
5017,1
5020,1
5023,1
5024,1
5026,1
5028,1
5029,1
5031,1
5035,1
5036,1
5037,1
5040,1
5041,1
5042,1
5043,1
5044,1
5046,1
5048,1
5049,1
5052,1
5055,1
5060,1
5062,1
5063,1
5064,1
5065,1
5066,1
5070,1
5073,1
5074,1
5076,1
5077,1
5079,1
5080,1
5087,1
5094,1
5095,1
5100,1
5101,1
5103,1
5110,1
5112,1
5113,1
5116,1
5122,1
5123,1
5126,1
5128,1
5131,1
5136,1
5137,1
5143,1
5148,1
5149,1
5150,1
5152,1
5153,1
5154,1
5155,1
5158,1
5159,1
5162,1
5163,1
5164,1
5166,1
5167,1
5172,1
5173,1
5174,1
5176,1
5177,1
5183,1
5185,1
5190,1
5191,1
5195,1
5197,1
5198,1
5199,1
5201,1
5203,1
5207,1
5213,1
5217,1
5218,1
5219,1
5222,1
5224,1
5225,1
5227,1
5228,1
5229,1
5231,1
5233,1
5236,1
5241,1
5246,1
5249,1
5251,1
5254,1
5255,1
5256,1
5257,1
5263,1
5271,1
5272,1
5273,1
5278,1
5280,1
5283,1
5286,1
5287,1
5288,1
5293,1
5294,1
5300,1
5303,1
5309,1
5313,1
5314,1
5319,1
5320,1
5326,1
5329,1
5331,1
5335,1
5337,1
5338,1
5341,1
5344,1
5345,1
5347,1
5349,1
5353,1
5354,1
5363,1
5366,1
5370,1
5371,1
5374,1
5377,1
5382,1
5383,1
5384,1
5385,1
5386,1
5387,1
5389,1
5391,1
5394,1
5399,1
5400,1
5402,1
5404,1
5405,1
5411,1
5413,1
5421,1
5422,1
5424,1
5426,1
5427,1
5434,1
5436,1
5438,1
5441,1
5443,1
5445,1
5448,1
5449,1
5451,1
5456,1
5467,1
5470,1
5473,1
5477,1
5479,1
5482,1
5486,1
5495,1
5496,1
5502,1
5505,1
5506,1
5508,1
5509,1
5514,1
5515,1
5516,1
5519,1
5521,1
5522,1
5525,1
5526,1
5527,1
5532,1
5533,1
5535,1
5537,1
5548,1
5551,1
5553,1
5555,1
5556,1
5560,1
5563,1
5564,1
5566,1
5567,1
5568,1
5571,1
5573,1
5585,1
5589,1
5593,1
5595,1
5602,1
5603,1
5604,1
5605,1
5613,1
5614,1
5620,1
5627,1
5630,1
5631,1
5635,1
5638,1
5644,1
5649,1
5652,1
5657,1
5659,1
5662,1
5663,1
5667,1
5668,1
5670,1
5674,1
5675,1
5676,1
5677,1
5679,1
5680,1
5681,1
5683,1
5684,1
5685,1
5692,1
5695,1
5697,1
5700,1
5701,1
5705,1
5706,1
5710,1
5711,1
5716,1
5717,1
5721,1
5723,1
5724,1
5725,1
5729,1
5731,1
5732,1
5733,1
5736,1
5738,1
5740,1
5741,1
5744,1
5746,1
5749,1
5751,1
5752,1
5753,1
5754,1
5759,1
5762,1
5764,1
5765,1
5767,1
5768,1
5769,1
5775,1
5776,1
5779,1
5786,1
5787,1
5790,1
5791,1
5794,1
5798,1
5799,1
5801,1
5803,1
5804,1
5805,1
5810,1
5811,1
5813,1
5816,1
5817,1
5818,1
5823,1
5825,1
5829,1
5830,1
5831,1
5832,1
5833,1
5835,1
5837,1
5839,1
5842,1
5845,1
5846,1
5849,1
5850,1
5851,1
5852,1
5855,1
5856,1
5859,1
5860,1
5861,1
5866,1
5867,1
5868,1
5870,1
5871,1
5872,1
5874,1
5877,1
5878,1
5880,1
5881,1
5882,1
5888,1
5892,1
5893,1
5894,1
5898,1
5902,1
5903,1
5906,1
5909,1
5911,1
5913,1
5915,1
5921,1
5925,1
5927,1
5929,1
5930,1
5936,1
5938,1
5940,1
5941,1
5942,1
5945,1
5947,1
5950,1
5951,1
5952,1
5954,1
5955,1
5959,1
5961,1
5963,1
5964,1
5966,1
5969,1
5971,1
5973,1
5975,1
5976,1
5979,1
5980,1
5982,1
5983,1
5986,1
5987,1
5988,1
5989,1
5994,1
5999,1
6002,1
6004,1
6008,1
6009,1
6016,1
6018,1
6019,1
6022,1
6023,1
6024,1
6025,1
6026,1
6027,1
6029,1
6031,1
6034,1
6037,1
6039,1
6041,1
6047,1
6050,1
6052,1
6053,1
6055,1
6056,1
6057,1
6059,1
6061,1
6062,1
6064,1
6066,1
6068,1
6069,1
6070,1
6072,1
6075,1
6076,1
6078,1
6081,1
6084,1
6085,1
6090,1
6093,1
6100,1
6105,1
6108,1
6109,1
6112,1
6117,1
6118,1
6119,1
6123,1
6126,1
6128,1
6129,1
6131,1
6132,1
6135,1
6136,1
6137,1
6139,1
6140,1
6141,1
6142,1
6144,1
6146,1
6147,1
6151,1
6155,1
6156,1
6159,1
6162,1
6167,1
6174,1
6175,1
6176,1
6179,1
6181,1
6183,1
6184,1
6186,1
6189,1
6190,1
6192,1
6193,1
6195,1
6198,1
6199,1
6201,1
6202,1
6203,1
6205,1
6207,1
6210,1
6212,1
6213,1
6219,1
6220,1
6225,1
6226,1
6228,1
6229,1
6230,1
6238,1
6242,1
6243,1
6245,1
6246,1
6247,1
6252,1
6259,1
6260,1
6263,1
6264,1
6269,1
6272,1
6279,1
6282,1
6285,1
6288,1
6290,1
6291,1
6293,1
6295,1
6296,1
6298,1
6299,1
6302,1
6305,1
6309,1
6313,1
6314,1
6316,1
6318,1
6319,1
6322,1
6325,1
6326,1
6327,1
6329,1
6331,1
6332,1
6334,1
6336,1
6339,1
6346,1
6347,1
6349,1
6351,1
6353,1
6354,1
6357,1
6360,1
6361,1
6364,1
6365,1
6367,1
6368,1
6371,1
6372,1
6373,1
6377,1
6378,1
6379,1
6381,1
6383,1
6388,1
6389,1
6391,1
6393,1
6394,1
6397,1
6400,1
6403,1
6405,1
6410,1
6411,1
6416,1
6418,1
6421,1
6424,1
6428,1
6432,1
6435,1
6436,1
6438,1
6439,1
6442,1
6447,1
6448,1
6451,1
6452,1
6454,1
6457,1
6460,1
6461,1
6462,1
6465,1
6466,1
6468,1
6469,1
6472,1
6475,1
6476,1
6477,1
6479,1
6482,1
6486,1
6487,1
6492,1
6494,1
6498,1
6501,1
6503,1
6507,1
6511,1
6512,1
6523,1
6524,1
6525,1
6526,1
6528,1
6531,1
6533,1
6536,1
6547,1
6549,1
6554,1
6555,1
6556,1
6558,1
6560,1
6562,1
6565,1
6566,1
6571,1
6572,1
6573,1
6575,1
6578,1
6580,1
6584,1
6586,1
6587,1
6588,1
6595,1
6598,1
6599,1
6600,1
6603,1
6607,1
6611,1
6614,1
6615,1
6618,1
6622,1
6627,1
6631,1
6637,1
6638,1
6639,1
6640,1
6642,1
6644,1
6646,1
6648,1
6649,1
6650,1
6653,1
6654,1
6660,1
6662,1
6664,1
6669,1
6670,1
6674,1
6681,1
6683,1
6686,1
6688,1
6691,1
6696,1
6697,1
6699,1
6700,1
6703,1
6707,1
6709,1
6710,1
6711,1
6713,1
6715,1
6717,1
6718,1
6721,1
6724,1
6725,1
6730,1
6731,1
6736,1
6739,1
6743,1
6746,1
6747,1
6748,1
6749,1
6753,1
6755,1
6756,1
6757,1
6758,1
6761,1
6762,1
6763,1
6765,1
6766,1
6767,1
6772,1
6773,1
6775,1
6776,1
6777,1
6779,1
6782,1
6783,1
6786,1
6790,1
6792,1
6793,1
6799,1
6804,1
6808,1
6811,1
6812,1
6814,1
6815,1
6816,1
6817,1
6819,1
6821,1
6824,1
6825,1
6826,1
6827,1
6828,1
6830,1
6834,1
6837,1
6838,1
6841,1
6843,1
6845,1
6846,1
6850,1
6852,1
6860,1
6861,1
6862,1
6864,1
6866,1
6870,1
6871,1
6872,1
6874,1
6877,1
6879,1
6881,1
6883,1
6884,1
6886,1
6887,1
6888,1
6890,1
6892,1
6897,1
6901,1
6902,1
6903,1
6906,1
6908,1
6915,1
6918,1
6937,1
6938,1
6939,1
6942,1
6944,1
6945,1
6952,1
6964,1
6966,1
6967,1
6969,1
6972,1
6973,1
6976,1
6979,1
6980,1
6981,1
6982,1
6984,1
6985,1
6990,1
6992,1
6994,1
6996,1
6999,1
7001,1
7004,1
7005,1
7010,1
7012,1
7014,1
7015,1
7017,1
7021,1
7024,1
7028,1
7029,1
7033,1
7035,1
7037,1
7039,1
7041,1
7042,1
7043,1
7044,1
7049,1
7057,1
7061,1
7063,1
7066,1
7070,1
7072,1
7074,1
7075,1
7076,1
7080,1
7081,1
7084,1
7088,1
7092,1
7097,1
7100,1
7101,1
7102,1
7103,1
7104,1
7107,1
7112,1
7115,1
7119,1
7121,1
7122,1
7125,1
7126,1
7128,1
7129,1
7130,1
7131,1
7134,1
7135,1
7141,1
7142,1
7144,1
7154,1
7156,1
7157,1
7161,1
7163,1
7165,1
7173,1
7175,1
7181,1
7183,1
7185,1
7193,1
7194,1
7196,1
7201,1
7202,1
7208,1
7209,1
7213,1
7214,1
7216,1
7217,1
7218,1
7219,1
7220,1
7221,1
7223,1
7229,1
7231,1
7233,1
7235,1
7237,1
7239,1
7240,1
7243,1
7252,1
7256,1
7258,1
7259,1
7261,1
7266,1
7268,1
7269,1
7271,1
7275,1
7276,1
7277,1
7279,1
7283,1
7287,1
7293,1
7296,1
7299,1
7300,1
7301,1
7303,1
7307,1
7311,1
7315,1
7317,1
7325,1
7326,1
7331,1
7332,1
7335,1
7337,1
7338,1
7339,1
7341,1
7342,1
7347,1
7357,1
7359,1
7364,1
7367,1
7372,1
7373,1
7387,1
7396,1
7397,1
7400,1
7402,1
7405,1
7409,1
7412,1
7414,1
7421,1
7422,1
7423,1
7424,1
7426,1
7427,1
7428,1
7429,1
7433,1
7436,1
7439,1
7440,1
7441,1
7443,1
7449,1
7451,1
7453,1
7455,1
7459,1
7462,1
7470,1
7471,1
7472,1
7473,1
7474,1
7477,1
7478,1
7480,1
7482,1
7483,1
7484,1
7486,1
7489,1
7495,1
7497,1
7498,1
7505,1
7507,1
7510,1
7511,1
7517,1
7525,1
7526,1
7532,1
7534,1
7536,1
7537,1
7541,1
7542,1
7546,1
7548,1
7552,1
7556,1
7559,1
7563,1
7567,1
7569,1
7571,1
7573,1
7575,1
7577,1
7578,1
7579,1
7584,1
7586,1
7587,1
7588,1
7594,1
7595,1
7597,1
7599,1
7601,1
7604,1
7610,1
7611,1
7615,1
7617,1
7619,1
7620,1
7621,1
7623,1
7625,1
7628,1
7631,1
7633,1
7638,1
7639,1
7642,1
7645,1
7646,1
7648,1
7651,1
7653,1
7655,1
7659,1
7660,1
7664,1
7667,1
7670,1
7671,1
7672,1
7676,1
7677,1
7680,1
7681,1
7685,1
7687,1
7691,1
7692,1
7695,1
7696,1
7697,1
7701,1
7702,1
7704,1
7706,1
7707,1
7708,1
7712,1
7716,1
7718,1
7720,1
7723,1
7724,1
7725,1
7744,1
7746,1
7748,1
7751,1
7753,1
7756,1
7761,1
7763,1
7768,1
7769,1
7771,1
7780,1
7781,1
7782,1
7784,1
7785,1
7786,1
7796,1
7797,1
7799,1
7804,1
7806,1
7807,1
7808,1
7810,1
7811,1
7813,1
7814,1
7815,1
7817,1
7820,1
7822,1
7825,1
7828,1
7829,1
7832,1
7835,1
7837,1
7839,1
7846,1
7849,1
7852,1
7856,1
7857,1
7858,1
7869,1
7870,1
7871,1
7876,1
7881,1
7885,1
7889,1
7897,1
7900,1
7901,1
7902,1
7904,1
7908,1
7909,1
7910,1
7911,1
7915,1
7916,1
7921,1
7923,1
7927,1
7928,1
7930,1
7932,1
7936,1
7939,1
7941,1
7942,1
7943,1
7944,1
7949,1
7954,1
7955,1
7957,1
7959,1
7963,1
7964,1
7968,1
7969,1
7973,1
7975,1
7976,1
7978,1
7980,1
7982,1
7984,1
7985,1
7988,1
7995,1
7997,1
8002,1
8008,1
8009,1
8010,1
8011,1
8014,1
8018,1
8023,1
8027,1
8029,1
8030,1
8032,1
8033,1
8035,1
8036,1
8038,1
8040,1
8043,1
8044,1
8045,1
8048,1
8049,1
8050,1
8057,1
8059,1
8060,1
8061,1
8062,1
8063,1
8064,1
8067,1
8072,1
8073,1
8081,1
8087,1
8088,1
8091,1
8094,1
8095,1
8101,1
8108,1
8109,1
8110,1
8113,1
8114,1
8115,1
8117,1
8129,1
8130,1
8132,1
8133,1
8134,1
8141,1
8142,1
8143,1
8145,1
8146,1
8149,1
8150,1
8152,1
8153,1
8154,1
8156,1
8157,1
8158,1
8160,1
8164,1
8166,1
8171,1
8172,1
8175,1
8177,1
8180,1
8181,1
8182,1
8183,1
8185,1
8190,1
8192,1
8194,1
8196,1
8197,1
8198,1
8201,1
8202,1
8206,1
8207,1
8213,1
8214,1
8216,1
8218,1
8220,1
8226,1
8227,1
8228,1
8230,1
8236,1
8238,1
8240,1
8241,1
8242,1
8243,1
8250,1
8251,1
8254,1
8258,1
8259,1
8260,1
8263,1
8264,1
8267,1
8270,1
8272,1
8275,1
8278,1
8283,1
8284,1
8287,1
8289,1
8296,1
8297,1
8300,1
8302,1
8303,1
8305,1
8307,1
8309,1
8310,1
8312,1
8313,1
8315,1
8317,1
8323,1
8332,1
8335,1
8336,1
8337,1
8338,1
8340,1
8342,1
8344,1
8347,1
8351,1
8352,1
8353,1
8354,1
8359,1
8361,1
8363,1
8364,1
8373,1
8374,1
8375,1
8377,1
8380,1
8381,1
8382,1
8385,1
8386,1
8387,1
8388,1
8390,1
8391,1
8392,1
8394,1
8395,1
8397,1
8398,1
8400,1
8402,1
8403,1
8404,1
8405,1
8408,1
8413,1
8414,1
8415,1
8419,1
8421,1
8424,1
8425,1
8426,1
8429,1
8431,1
8432,1
8436,1
8440,1
8449,1
8450,1
8451,1
8457,1
8460,1
8461,1
8464,1
8465,1
8469,1
8472,1
8473,1
8475,1
8477,1
8480,1
8481,1
8482,1
8483,1
8491,1
8493,1
8494,1
8495,1
8498,1
8504,1
8505,1
8506,1
8508,1
8509,1
8511,1
8512,1
8515,1
8516,1
8519,1
8520,1
8523,1
8525,1
8527,1
8530,1
8535,1
8538,1
8539,1
8543,1
8546,1
8547,1
8548,1
8550,1
8552,1
8554,1
8557,1
8563,1
8564,1
8571,1
8574,1
8578,1
8579,1
8583,1
8584,1
8587,1
8588,1
8589,1
8590,1
8591,1
8595,1
8599,1
8602,1
8607,1
8608,1
8610,1
8611,1
8613,1
8615,1
8616,1
8618,1
8620,1
8623,1
8626,1
8629,1
8630,1
8633,1
8636,1
8637,1
8642,1
8646,1
8651,1
8652,1
8659,1
8660,1
8664,1
8667,1
8672,1
8673,1
8675,1
8676,1
8680,1
8682,1
8689,1
8693,1
8694,1
8697,1
8698,1
8702,1
8704,1
8705,1
8707,1
8709,1
8710,1
8712,1
8721,1
8724,1
8725,1
8730,1
8732,1
8734,1
8735,1
8737,1
8738,1
8739,1
8741,1
8742,1
8744,1
8745,1
8748,1
8751,1
8752,1
8755,1
8756,1
8757,1
8762,1
8763,1
8766,1
8767,1
8770,1
8771,1
8772,1
8777,1
8778,1
8780,1
8784,1
8785,1
8786,1
8789,1
8792,1
8794,1
8798,1
8807,1
8809,1
8812,1
8813,1
8816,1
8817,1
8819,1
8820,1
8821,1
8822,1
8826,1
8830,1
8835,1
8839,1
8843,1
8847,1
8848,1
8849,1
8852,1
8854,1
8855,1
8857,1
8859,1
8861,1
8862,1
8863,1
8869,1
8871,1
8873,1
8874,1
8875,1
8876,1
8880,1
8886,1
8889,1
8891,1
8895,1
8896,1
8901,1
8906,1
8908,1
8912,1
8913,1
8915,1
8917,1
8918,1
8934,1
8935,1
8951,1
8956,1
8957,1
8958,1
8959,1
8967,1
8973,1
8980,1
8982,1
8983,1
8984,1
8986,1
8988,1
8990,1
8991,1
8992,1
8993,1
8995,1
8997,1
9001,1
9007,1
9008,1
9009,1
9021,1
9023,1
9025,1
9027,1
9032,1
9035,1
9036,1
9038,1
9040,1
9041,1
9042,1
9043,1
9045,1
9049,1
9050,1
9051,1
9053,1
9057,1
9058,1
9060,1
9061,1
9065,1
9068,1
9073,1
9077,1
9080,1
9083,1
9085,1
9088,1
9090,1
9092,1
9095,1
9096,1
9100,1
9101,1
9103,1
9110,1
9111,1
9113,1
9114,1
9115,1
9116,1
9118,1
9121,1
9123,1
9127,1
9131,1
9132,1
9134,1
9135,1
9137,1
9138,1
9141,1
9142,1
9143,1
9144,1
9146,1
9147,1
9148,1
9153,1
9156,1
9157,1
9159,1
9161,1
9166,1
9167,1
9169,1
9173,1
9174,1
9180,1
9183,1
9185,1
9187,1
9188,1
9189,1
9194,1
9195,1
9198,1
9200,1
9202,1
9203,1
9204,1
9205,1
9206,1
9217,1
9218,1
9223,1
9225,1
9226,1
9227,1
9229,1
9231,1
9232,1
9237,1
9242,1
9245,1
9252,1
9255,1
9258,1
9260,1
9262,1
9266,1
9268,1
9270,1
9274,1
9276,1
9281,1
9288,1
9291,1
9292,1
9297,1
9299,1
9301,1
9304,1
9305,1
9308,1
9309,1
9311,1
9312,1
9313,1
9317,1
9321,1
9323,1
9325,1
9339,1
9340,1
9341,1
9343,1
9351,1
9352,1
9353,1
9354,1
9355,1
9356,1
9360,1
9362,1
9365,1
9369,1
9370,1
9374,1
9375,1
9376,1
9381,1
9382,1
9385,1
9389,1
9391,1
9395,1
9398,1
9403,1
9404,1
9405,1
9408,1
9410,1
9411,1
9412,1
9413,1
9414,1
9415,1
9423,1
9425,1
9432,1
9435,1
9438,1
9441,1
9443,1
9446,1
9447,1
9450,1
9452,1
9453,1
9457,1
9458,1
9459,1
9460,1
9464,1
9469,1
9471,1
9473,1
9475,1
9476,1
9477,1
9480,1
9482,1
9485,1
9487,1
9492,1
9493,1
9498,1
9499,1
9500,1
9503,1
9509,1
9512,1
9513,1
9514,1
9518,1
9519,1
9523,1
9528,1
9534,1
9536,1
9538,1
9541,1
9546,1
9553,1
9554,1
9555,1
9557,1
9560,1
9561,1
9563,1
9569,1
9574,1
9582,1
9583,1
9586,1
9587,1
9593,1
9594,1
9598,1
9600,1
9601,1
9605,1
9606,1
9607,1
9608,1
9611,1
9612,1
9617,1
9622,1
9626,1
9629,1
9633,1
9637,1
9638,1
9642,1
9643,1
9644,1
9646,1
9647,1
9650,1
9654,1
9656,1
9658,1
9659,1
9664,1
9666,1
9671,1
9675,1
9676,1
9679,1
9680,1
9682,1
9683,1
9688,1
9692,1
9701,1
9702,1
9703,1
9705,1
9707,1
9709,1
9711,1
9712,1
9715,1
9716,1
9718,1
9724,1
9730,1
9732,1
9735,1
9740,1
9745,1
9746,1
9748,1
9749,1
9754,1
9756,1
9757,1
9758,1
9761,1
9762,1
9764,1
9771,1
9774,1
9777,1
9780,1
9783,1
9785,1
9791,1
9792,1
9794,1
9795,1
9796,1
9797,1
9799,1
9800,1
9802,1
9803,1
9805,1
9806,1
9809,1
9810,1
9812,1
9817,1
9820,1
9821,1
9828,1
9829,1
9831,1
9833,1
9838,1
9839,1
9843,1
9848,1
9853,1
9854,1
9855,1
9856,1
9860,1
9868,1
9870,1
9873,1
9880,1
9881,1
9885,1
9888,1
9890,1
9895,1
9896,1
9898,1
9899,1
9905,1
9908,1
9910,1
9914,1
9917,1
9920,1
9922,1
9927,1
9929,1
9930,1
9931,1
9933,1
9938,1
9942,1
9944,1
9945,1
9946,1
9951,1
9958,1
9961,1
9962,1
9963,1
9965,1
9967,1
9968,1
9969,1
9972,1
9973,1
9978,1
9979,1
9980,1
9982,1
9983,1
9985,1
9987,1
9988,1
9989,1
9990,1
9991,1
9992,1
9993,1
9994,1
9995,1
9997,1
10000,1
10001,1
10004,1
10006,1
10007,1
10008,1
10009,1
10010,1
10013,1
10015,1
10017,1
10018,1
10022,1
10023,1
10026,1
10027,1
10028,1
10033,1
10034,1
10035,1
10036,1
10038,1
10040,1
10043,1
10047,1
10050,1
10052,1
10054,1
10060,1
10067,1
10070,1
10074,1
10075,1
10076,1
10083,1
10084,1
10085,1
10087,1
10088,1
10090,1
10092,1
10094,1
10096,1
10097,1
10098,1
10100,1
10101,1
10107,1
10108,1
10109,1
10110,1
10111,1
10117,1
10119,1
10122,1
10125,1
10126,1
10127,1
10128,1
10131,1
10132,1
10135,1
10138,1
10140,1
10143,1
10145,1
10146,1
10147,1
10148,1
10149,1
10151,1
10152,1
10153,1
10154,1
10155,1
10159,1
10160,1
10162,1
10164,1
10170,1
10171,1
10172,1
10173,1
10175,1
10177,1
10185,1
10186,1
10188,1
10191,1
10195,1
10197,1
10201,1
10202,1
10203,1
10205,1
10206,1
10207,1
10210,1
10213,1
10214,1
10216,1
10217,1
10219,1
10221,1
10226,1
10227,1
10228,1
10229,1
10231,1
10232,1
10234,1
10236,1
10242,1
10243,1
10245,1
10247,1
10249,1
10256,1
10257,1
10259,1
10262,1
10263,1
10269,1
10270,1
10271,1
10272,1
10276,1
10280,1
10281,1
10282,1
10285,1
10287,1
10288,1
10290,1
10291,1
10292,1
10293,1
10294,1
10295,1
10299,1
10302,1
10304,1
10313,1
10315,1
10317,1
10320,1
10326,1
10327,1
10329,1
10330,1
10335,1
10336,1
10338,1
10340,1
10341,1
10344,1
10345,1
10347,1
10351,1
10353,1
10354,1
10355,1
10361,1
10363,1
10366,1
10368,1
10369,1
10372,1
10373,1
10374,1
10375,1
10376,1
10379,1
10380,1
10382,1
10384,1
10387,1
10393,1
10396,1
10398,1
10402,1
10404,1
10405,1
10406,1
10407,1
10408,1
10410,1
10411,1
10412,1
10414,1
10416,1
10418,1
10421,1
10424,1
10428,1
10431,1
10432,1
10434,1
10435,1
10438,1
10441,1
10444,1
10446,1
10449,1
10456,1
10459,1
10461,1
10462,1
10463,1
10466,1
10468,1
10470,1
10472,1
10473,1
10481,1
10483,1
10485,1
10490,1
10492,1
10495,1
10498,1
10499,1
10503,1
10505,1
10508,1
10510,1
10511,1
10512,1
10513,1
10515,1
10516,1
10518,1
10519,1
10521,1
10525,1
10528,1
10530,1
10535,1
10543,1
10546,1
10547,1
10548,1
10551,1
10554,1
10560,1
10561,1
10563,1
10564,1
10567,1
10568,1
10572,1
10574,1
10577,1
10579,1
10580,1
10583,1
10586,1
10590,1
10591,1
10592,1
10594,1
10595,1
10598,1
10599,1
10600,1
10601,1
10605,1
10606,1
10607,1
10608,1
10609,1
10611,1
10612,1
10615,1
10616,1
10618,1
10620,1
10623,1
10624,1
10626,1
10628,1
10632,1
10634,1
10635,1
10636,1
10638,1
10639,1
10641,1
10643,1
10646,1
10648,1
10649,1
10652,1
10654,1
10655,1
10659,1
10661,1
10662,1
10664,1
10665,1
10666,1
10671,1
10674,1
10680,1
10683,1
10686,1
10691,1
10692,1
10693,1
10694,1
10695,1
10697,1
10700,1
10701,1
10703,1
10705,1
10706,1
10710,1
10715,1
10718,1
10720,1
10722,1
10724,1
10725,1
10726,1
10728,1
10730,1
10731,1
10732,1
10733,1
10737,1
10741,1
10743,1
10746,1
10747,1
10748,1
10758,1
10759,1
10761,1
10762,1
10763,1
10766,1
10769,1
10778,1
10779,1
10781,1
10783,1
10785,1
10789,1
10790,1
10799,1
10800,1
10801,1
10802,1
10804,1
10805,1
10807,1
10808,1
10809,1
10811,1
10813,1
10815,1
10816,1
10822,1
10824,1
10826,1
10828,1
10829,1
10835,1
10840,1
10843,1
10846,1
10847,1
10848,1
10850,1
10851,1
10860,1
10861,1
10863,1
10865,1
10867,1
10869,1
10870,1
10872,1
10874,1
10879,1
10881,1
10882,1
10886,1
10887,1
10888,1
10892,1
10896,1
10899,1
10903,1
10904,1
10905,1
10916,1
10917,1
10922,1
10923,1
10925,1
10926,1
10931,1
10935,1
10938,1
10940,1
10942,1
10945,1
10948,1
10949,1
10950,1
10951,1
10955,1
10963,1
10965,1
10966,1
10968,1
10971,1
10976,1
10980,1
10983,1
10984,1
10986,1
10989,1
10990,1
10992,1
10993,1
10994,1
10995,1
10996,1
10999,1
11000,1
11001,1
11002,1
11005,1
11007,1
11009,1
11012,1
11014,1
11015,1
11016,1
11018,1
11019,1
11021,1
11023,1
11024,1
11030,1
11033,1
11034,1
11036,1
11039,1
11041,1
11043,1
11046,1
11047,1
11050,1
11051,1
11053,1
11056,1
11057,1
11058,1
11059,1
11064,1
11065,1
11066,1
11069,1
11080,1
11083,1
11086,1
11087,1
11095,1
11097,1
11098,1
11100,1
11101,1
11103,1
11106,1
11112,1
11116,1
11117,1
11119,1
11123,1
11126,1
11128,1
11130,1
11134,1
11138,1
11139,1
11141,1
11142,1
11143,1
11146,1
11147,1
11153,1
11154,1
11155,1
11157,1
11158,1
11159,1
11162,1
11164,1
11170,1
11176,1
11179,1
11181,1
11184,1
11185,1
11187,1
11189,1
11190,1
11191,1
11192,1
11196,1
11200,1
11203,1
11206,1
11207,1
11210,1
11211,1
11220,1
11223,1
11225,1
11226,1
11232,1
11236,1
11238,1
11243,1
11246,1
11247,1
11249,1
11250,1
11255,1
11256,1
11258,1
11264,1
11265,1
11266,1
11268,1
11269,1
11272,1
11273,1
11274,1
11276,1
11284,1
11285,1
11288,1
11289,1
11297,1
11299,1
11300,1
11302,1
11303,1
11304,1
11305,1
11308,1
11312,1
11315,1
11320,1
11322,1
11323,1
11324,1
11326,1
11329,1
11331,1
11333,1
11334,1
11337,1
11340,1
11344,1
11351,1
11353,1
11354,1
11355,1
11356,1
11357,1
11360,1
11362,1
11364,1
11367,1
11369,1
11372,1
11373,1
11376,1
11378,1
11384,1
11385,1
11388,1
11391,1
11395,1
11400,1
11403,1
11412,1
11415,1
11416,1
11418,1
11419,1
11421,1
11423,1
11424,1
11426,1
11428,1
11429,1
11431,1
11438,1
11440,1
11441,1
11442,1
11445,1
11447,1
11448,1
11452,1
11457,1
11459,1
11462,1
11467,1
11468,1
11469,1
11472,1
11473,1
11476,1
11478,1
11479,1
11481,1
11494,1
11495,1
11499,1
11500,1
11501,1
11504,1
11508,1
11512,1
11515,1
11516,1
11517,1
11518,1
11526,1
11532,1
11536,1
11537,1
11540,1
11544,1
11547,1
11549,1
11550,1
11555,1
11556,1
11560,1
11562,1
11564,1
11566,1
11568,1
11569,1
11572,1
11573,1
11574,1
11580,1
11581,1
11582,1
11585,1
11587,1
11589,1
11596,1
11597,1
11598,1
11600,1
11602,1
11609,1
11610,1
11611,1
11613,1
11614,1
11616,1
11623,1
11624,1
11628,1
11633,1
11634,1
11636,1
11637,1
11641,1
11642,1
11644,1
11646,1
11647,1
11648,1
11651,1
11654,1
11655,1
11665,1
11666,1
11667,1
11668,1
11669,1
11677,1
11678,1
11679,1
11680,1
11682,1
11683,1
11684,1
11686,1
11690,1
11691,1
11692,1
11697,1
11698,1
11699,1
11700,1
11701,1
11702,1
11707,1
11709,1
11710,1
11713,1
11715,1
11720,1
11721,1
11722,1
11725,1
11726,1
11728,1
11729,1
11731,1
11732,1
11733,1
11734,1
11742,1
11744,1
11750,1
11751,1
11754,1
11756,1
11757,1
11760,1
11762,1
11763,1
11767,1
11774,1
11777,1
11782,1
11783,1
11784,1
11785,1
11790,1
11796,1
11798,1
11802,1
11810,1
11811,1
11816,1
11818,1
11820,1
11821,1
11822,1
11823,1
11825,1
11830,1
11831,1
11836,1
11838,1
11839,1
11849,1
11850,1
11852,1
11853,1
11855,1
11858,1
11860,1
11861,1
11865,1
11867,1
11868,1
11870,1
11874,1
11876,1
11877,1
11878,1
11881,1
11885,1
11890,1
11892,1
11894,1
11895,1
11896,1
11897,1
11898,1
11901,1
11906,1
11907,1
11909,1
11915,1
11919,1
11920,1
11921,1
11923,1
11926,1
11930,1
11931,1
11933,1
11935,1
11938,1
11941,1
11945,1
11947,1
11952,1
11954,1
11956,1
11959,1
11961,1
11964,1
11965,1
11968,1
11969,1
11973,1
11975,1
11977,1
11980,1
11981,1
11985,1
11988,1
11989,1
11994,1
11995,1
11996,1
11998,1
12000,1
12005,1
12006,1
12007,1
12009,1
12010,1
12013,1
12014,1
12020,1
12022,1
12025,1
12026,1
12027,1
12031,1
12034,1
12035,1
12037,1
12040,1
12041,1
12043,1
12044,1
12045,1
12047,1
12052,1
12056,1
12059,1
12060,1
12062,1
12063,1
12064,1
12070,1
12076,1
12077,1
12078,1
12080,1
12084,1
12086,1
12087,1
12088,1
12089,1
12091,1
12092,1
12093,1
12094,1
12095,1
12096,1
12103,1
12104,1
12110,1
12116,1
12117,1
12122,1
12123,1
12125,1
12129,1
12130,1
12131,1
12133,1
12134,1
12137,1
12138,1
12139,1
12141,1
12142,1
12144,1
12145,1
12149,1
12150,1
12154,1
12160,1
12161,1
12162,1
12164,1
12167,1
12171,1
12177,1
12178,1
12180,1
12182,1
12183,1
12185,1
12186,1
12187,1
12189,1
12190,1
12192,1
12194,1
12201,1
12202,1
12206,1
12209,1
12214,1
12215,1
12217,1
12218,1
12221,1
12222,1
12223,1
12229,1
12230,1
12233,1
12235,1
12237,1
12239,1
12242,1
12243,1
12244,1
12245,1
12246,1
12248,1
12249,1
12250,1
12252,1
12255,1
12258,1
12259,1
12262,1
12263,1
12264,1
12265,1
12270,1
12274,1
12275,1
12282,1
12285,1
12289,1
12292,1
12296,1
12297,1
12299,1
12300,1
12301,1
12302,1
12303,1
12304,1
12305,1
12307,1
12309,1
12313,1
12318,1
12320,1
12324,1
12326,1
12330,1
12332,1
12336,1
12341,1
12342,1
12344,1
12352,1
12354,1
12361,1
12363,1
12366,1
12369,1
12372,1
12376,1
12379,1
12383,1
12389,1
12393,1
12395,1
12396,1
12400,1
12406,1
12407,1
12411,1
12412,1
12413,1
12414,1
12415,1
12417,1
12420,1
12421,1
12422,1
12423,1
12426,1
12427,1
12428,1
12431,1
12432,1
12433,1
12439,1
12442,1
12443,1
12446,1
12452,1
12453,1
12454,1
12455,1
12464,1
12465,1
12468,1
12469,1
12470,1
12472,1
12476,1
12477,1
12478,1
12489,1
12494,1
12495,1
12497,1
12498,1
12499,1
12504,1
12510,1
12511,1
12516,1
12517,1
12520,1
12521,1
12522,1
12524,1
12525,1
12527,1
12529,1
12531,1
12535,1
12538,1
12540,1
12542,1
12543,1
12546,1
12549,1
12550,1
12552,1
12555,1
12557,1
12560,1
12561,1
12564,1
12565,1
12567,1
12569,1
12573,1
12576,1
12581,1
12582,1
12591,1
12592,1
12594,1
12597,1
12603,1
12605,1
12607,1
12608,1
12614,1
12615,1
12622,1
12624,1
12625,1
12629,1
12632,1
12633,1
12634,1
12635,1
12638,1
12640,1
12643,1
12645,1
12646,1
12647,1
12649,1
12653,1
12655,1
12659,1
12661,1
12663,1
12664,1
12665,1
12666,1
12668,1
12672,1
12677,1
12683,1
12684,1
12685,1
12686,1
12688,1
12689,1
12700,1
12701,1
12705,1
12706,1
12708,1
12713,1
12716,1
12719,1
12721,1
12722,1
12727,1
12730,1
12731,1
12732,1
12739,1
12740,1
12741,1
12743,1
12745,1
12746,1
12753,1
12760,1
12761,1
12764,1
12765,1
12766,1
12770,1
12771,1
12774,1
12776,1
12777,1
12782,1
12786,1
12788,1
12789,1
12792,1
12793,1
12795,1
12796,1
12797,1
12798,1
12810,1
12811,1
12813,1
12816,1
12817,1
12818,1
12819,1
12822,1
12823,1
12827,1
12832,1
12835,1
12839,1
12844,1
12848,1
12849,1
12852,1
12854,1
12859,1
12860,1
12865,1
12868,1
12869,1
12870,1
12871,1
12878,1
12883,1
12889,1
12890,1
12893,1
12895,1
12896,1
12898,1
12903,1
12904,1
12909,1
12913,1
12914,1
12918,1
12920,1
12921,1
12923,1
12929,1
12943,1
12944,1
12946,1
12950,1
12953,1
12956,1
12958,1
12960,1
12964,1
12967,1
12968,1
12969,1
12972,1
12976,1
12978,1
12979,1
12981,1
12984,1
12988,1
12993,1
12996,1
12998,1
12999,1
13002,1
13003,1
13007,1
13008,1
13011,1
13012,1
13016,1
13019,1
13020,1
13021,1
13023,1
13024,1
13027,1
13029,1
13032,1
13033,1
13034,1
13035,1
13037,1
13038,1
13043,1
13045,1
13053,1
13054,1
13055,1
13056,1
13057,1
13058,1
13059,1
13064,1
13068,1
13073,1
13076,1
13077,1
13079,1
13083,1
13084,1
13085,1
13086,1
13087,1
13088,1
13089,1
13091,1
13093,1
13096,1
13098,1
13100,1
13105,1
13106,1
13109,1
13110,1
13111,1
13112,1
13113,1
13114,1
13117,1
13118,1
13119,1
13120,1
13122,1
13123,1
13125,1
13126,1
13132,1
13133,1
13134,1
13135,1
13138,1
13140,1
13143,1
13144,1
13145,1
13150,1
13151,1
13154,1
13155,1
13156,1
13160,1
13161,1
13162,1
13169,1
13179,1
13184,1
13186,1
13187,1
13190,1
13191,1
13195,1
13196,1
13197,1
13198,1
13199,1
13200,1
13201,1
13204,1
13208,1
13210,1
13213,1
13214,1
13218,1
13219,1
13222,1
13224,1
13225,1
13227,1
13229,1
13231,1
13233,1
13234,1
13237,1
13238,1
13241,1
13242,1
13244,1
13247,1
13249,1
13250,1
13253,1
13254,1
13257,1
13261,1
13266,1
13268,1
13269,1
13276,1
13277,1
13278,1
13279,1
13282,1
13285,1
13287,1
13292,1
13295,1
13297,1
13298,1
13302,1
13303,1
13309,1
13310,1
13316,1
13321,1
13322,1
13323,1
13325,1
13327,1
13329,1
13331,1
13338,1
13340,1
13344,1
13348,1
13349,1
13352,1
13356,1
13358,1
13361,1
13369,1
13373,1
13375,1
13377,1
13383,1
13385,1
13387,1
13390,1
13392,1
13393,1
13399,1
13404,1
13406,1
13407,1
13408,1
13409,1
13413,1
13414,1
13415,1
13418,1
13419,1
13420,1
13422,1
13427,1
13428,1
13429,1
13430,1
13433,1
13437,1
13440,1
13442,1
13445,1
13450,1
13451,1
13456,1
13457,1
13458,1
13461,1
13462,1
13463,1
13464,1
13469,1
13470,1
13471,1
13473,1
13474,1
13479,1
13480,1
13488,1
13491,1
13493,1
13499,1
13503,1
13505,1
13506,1
13511,1
13515,1
13517,1
13522,1
13524,1
13525,1
13527,1
13528,1
13529,1
13531,1
13533,1
13537,1
13540,1
13541,1
13542,1
13543,1
13546,1
13547,1
13550,1
13552,1
13556,1
13558,1
13559,1
13567,1
13569,1
13571,1
13578,1
13584,1
13585,1
13586,1
13588,1
13593,1
13594,1
13596,1
13597,1
13600,1
13604,1
13605,1
13606,1
13608,1
13618,1
13620,1
13628,1
13629,1
13630,1
13633,1
13634,1
13637,1
13642,1
13646,1
13650,1
13651,1
13652,1
13655,1
13658,1
13661,1
13662,1
13664,1
13668,1
13676,1
13677,1
13678,1
13679,1
13682,1
13683,1
13684,1
13692,1
13693,1
13694,1
13698,1
13699,1
13702,1
13703,1
13705,1
13706,1
13707,1
13708,1
13711,1
13713,1
13714,1
13715,1
13717,1
13718,1
13719,1
13733,1
13738,1
13740,1
13741,1
13746,1
13747,1
13749,1
13750,1
13751,1
13755,1
13757,1
13760,1
13761,1
13764,1
13767,1
13770,1
13773,1
13774,1
13777,1
13779,1
13784,1
13785,1
13787,1
13792,1
13794,1
13798,1
13799,1
13801,1
13802,1
13804,1
13806,1
13814,1
13818,1
13820,1
13821,1
13822,1
13825,1
13830,1
13834,1
13839,1
13842,1
13843,1
13851,1
13858,1
13861,1
13862,1
13863,1
13864,1
13867,1
13868,1
13869,1
13879,1
13880,1
13883,1
13889,1
13890,1
13894,1
13895,1
13896,1
13897,1
13898,1
13899,1
13900,1
13902,1
13903,1
13910,1
13911,1
13913,1
13917,1
13920,1
13924,1
13925,1
13926,1
13927,1
13929,1
13930,1
13931,1
13932,1
13933,1
13936,1
13938,1
13940,1
13941,1
13942,1
13943,1
13944,1
13946,1
13948,1
13949,1
13950,1
13953,1
13954,1
13959,1
13961,1
13963,1
13964,1
13965,1
13966,1
13967,1
13968,1
13969,1
13971,1
13972,1
13973,1
13976,1
13977,1
13980,1
13981,1
13982,1
13988,1
13993,1
13999,1
14000,1
14002,1
14006,1
14007,1
14010,1
14013,1
14016,1
14023,1
14026,1
14027,1
14030,1
14032,1
14036,1
14037,1
14039,1
14044,1
14045,1
14046,1
14047,1
14048,1
14054,1
14062,1
14063,1
14064,1
14065,1
14067,1
14070,1
14073,1
14076,1
14078,1
14080,1
14081,1
14082,1
14086,1
14089,1
14090,1
14092,1
14093,1
14094,1
14095,1
14099,1
14100,1
14103,1
14104,1
14106,1
14107,1
14110,1
14111,1
14112,1
14114,1
14116,1
14119,1
14120,1
14122,1
14123,1
14125,1
14130,1
14131,1
14134,1
14137,1
14138,1
14142,1
14144,1
14145,1
14148,1
14149,1
14151,1
14155,1
14161,1
14165,1
14166,1
14178,1
14179,1
14182,1
14185,1
14186,1
14187,1
14191,1
14192,1
14193,1
14195,1
14197,1
14205,1
14209,1
14210,1
14213,1
14214,1
14215,1
14221,1
14224,1
14225,1
14226,1
14231,1
14233,1
14234,1
14236,1
14239,1
14240,1
14243,1
14244,1
14245,1
14248,1
14250,1
14251,1
14252,1
14254,1
14258,1
14261,1
14262,1
14263,1
14264,1
14268,1
14269,1
14270,1
14274,1
14275,1
14277,1
14278,1
14279,1
14282,1
14284,1
14288,1
14293,1
14295,1
14300,1
14301,1
14302,1
14307,1
14308,1
14310,1
14312,1
14314,1
14315,1
14318,1
14320,1
14321,1
14324,1
14325,1
14331,1
14332,1
14334,1
14336,1
14339,1
14345,1
14346,1
14347,1
14348,1
14350,1
14351,1
14354,1
14356,1
14360,1
14361,1
14362,1
14363,1
14365,1
14366,1
14367,1
14381,1
14384,1
14385,1
14386,1
14389,1
14390,1
14392,1
14393,1
14394,1
14395,1
14400,1
14401,1
14402,1
14403,1
14404,1
14411,1
14412,1
14413,1
14417,1
14421,1
14422,1
14423,1
14428,1
14432,1
14434,1
14436,1
14439,1
14442,1
14445,1
14447,1
14449,1
14450,1
14453,1
14455,1
14459,1
14460,1
14465,1
14466,1
14467,1
14469,1
14472,1
14476,1
14477,1
14479,1
14480,1
14483,1
14485,1
14487,1
14488,1
14490,1
14494,1
14495,1
14500,1
14501,1
14504,1
14505,1
14506,1
14507,1
14509,1
14511,1
14513,1
14515,1
14520,1
14523,1
14527,1
14529,1
14530,1
14532,1
14536,1
14539,1
14541,1
14543,1
14545,1
14546,1
14548,1
14550,1
14551,1
14552,1
14555,1
14557,1
14562,1
14563,1
14565,1
14567,1
14571,1
14573,1
14574,1
14575,1
14576,1
14577,1
14578,1
14579,1
14581,1
14583,1
14584,1
14585,1
14586,1
14589,1
14596,1
14603,1
14607,1
14611,1
14612,1
14614,1
14615,1
14616,1
14617,1
14618,1
14620,1
14621,1
14622,1
14623,1
14629,1
14631,1
14633,1
14634,1
14636,1
14640,1
14641,1
14643,1
14647,1
14654,1
14655,1
14657,1
14658,1
14659,1
14660,1
14661,1
14662,1
14666,1
14667,1
14669,1
14675,1
14676,1
14678,1
14688,1
14689,1
14690,1
14691,1
14694,1
14696,1
14699,1
14700,1
14707,1
14711,1
14714,1
14716,1
14719,1
14724,1
14725,1
14735,1
14738,1
14739,1
14742,1
14743,1
14750,1
14752,1
14753,1
14755,1
14756,1
14757,1
14758,1
14759,1
14760,1
14764,1
14767,1
14769,1
14774,1
14780,1
14781,1
14784,1
14786,1
14787,1
14788,1
14789,1
14792,1
14800,1
14802,1
14806,1
14808,1
14812,1
14813,1
14814,1
14815,1
14817,1
14818,1
14819,1
14820,1
14822,1
14826,1
14829,1
14831,1
14832,1
14833,1
14839,1
14843,1
14845,1
14846,1
14848,1
14849,1
14851,1
14853,1
14855,1
14856,1
14860,1
14863,1
14874,1
14876,1
14878,1
14881,1
14884,1
14887,1
14889,1
14891,1
14896,1
14897,1
14903,1
14909,1
14910,1
14912,1
14913,1
14915,1
14917,1
14919,1
14924,1
14927,1
14928,1
14929,1
14930,1
14931,1
14932,1
14934,1
14935,1
14936,1
14942,1
14945,1
14947,1
14949,1
14950,1
14952,1
14955,1
14959,1
14960,1
14961,1
14964,1
14967,1
14968,1
14969,1
14970,1
14971,1
14972,1
14974,1
14979,1
14983,1
14985,1
14987,1
14992,1
14996,1
14998,1
14999,1
15001,1
15002,1
15003,1
15005,1
15010,1
15011,1
15012,1
15014,1
15015,1
15017,1
15025,1
15026,1
15033,1
15036,1
15041,1
15042,1
15043,1
15051,1
15053,1
15055,1
15060,1
15076,1
15081,1
15087,1
15088,1
15089,1
15090,1
15091,1
15092,1
15093,1
15094,1
15098,1
15099,1
15102,1
15104,1
15106,1
15107,1
15108,1
15111,1
15112,1
15122,1
15123,1
15125,1
15129,1
15131,1
15134,1
15135,1
15138,1
15139,1
15140,1
15146,1
15147,1
15149,1
15152,1
15154,1
15157,1
15158,1
15160,1
15161,1
15164,1
15165,1
15166,1
15167,1
15168,1
15169,1
15172,1
15174,1
15175,1
15176,1
15178,1
15179,1
15180,1
15181,1
15185,1
15187,1
15195,1
15202,1
15203,1
15204,1
15209,1
15210,1
15215,1
15219,1
15222,1
15226,1
15227,1
15230,1
15232,1
15236,1
15237,1
15238,1
15241,1
15242,1
15243,1
15247,1
15248,1
15250,1
15251,1
15253,1
15256,1
15258,1
15263,1
15264,1
15269,1
15277,1
15278,1
15279,1
15280,1
15281,1
15283,1
15287,1
15288,1
15289,1
15290,1
15292,1
15293,1
15294,1
15295,1
15296,1
15298,1
15301,1
15302,1
15304,1
15306,1
15308,1
15310,1
15312,1
15313,1
15314,1
15318,1
15319,1
15322,1
15324,1
15326,1
15329,1
15333,1
15340,1
15341,1
15344,1
15346,1
15347,1
15348,1
15355,1
15357,1
15363,1
15364,1
15371,1
15373,1
15374,1
15376,1
15382,1
15383,1
15384,1
15386,1
15391,1
15395,1
15396,1
15397,1
15398,1
15400,1
15407,1
15408,1
15409,1
15412,1
15414,1
15416,1
15420,1
15422,1
15426,1
15427,1
15430,1
15432,1
15436,1
15437,1
15442,1
15443,1
15447,1
15451,1
15452,1
15453,1
15456,1
15459,1
15463,1
15464,1
15465,1
15467,1
15469,1
15474,1
15480,1
15483,1
15485,1
15487,1
15491,1
15492,1
15494,1
15497,1
15500,1
15501,1
15502,1
15503,1
15509,1
15510,1
15511,1
15513,1
15515,1
15516,1
15518,1
15519,1
15521,1
15524,1
15532,1
15533,1
15540,1
15543,1
15545,1
15547,1
15549,1
15550,1
15551,1
15554,1
15555,1
15559,1
15564,1
15571,1
15574,1
15576,1
15577,1
15579,1
15580,1
15583,1
15584,1
15589,1
15594,1
15595,1
15598,1
15599,1
15601,1
15602,1
15604,1
15605,1
15606,1
15607,1
15608,1
15610,1
15613,1
15615,1
15618,1
15619,1
15621,1
15622,1
15623,1
15625,1
15627,1
15629,1
15630,1
15631,1
15633,1
15634,1
15636,1
15637,1
15638,1
15640,1
15641,1
15642,1
15644,1
15648,1
15649,1
15657,1
15658,1
15660,1
15661,1
15662,1
15666,1
15672,1
15673,1
15674,1
15683,1
15685,1
15686,1
15688,1
15689,1
15691,1
15694,1
15696,1
15697,1
15698,1
15701,1
15702,1
15703,1
15704,1
15705,1
15707,1
15713,1
15715,1
15716,1
15717,1
15718,1
15719,1
15721,1
15722,1
15724,1
15726,1
15727,1
15730,1
15732,1
15733,1
15738,1
15742,1
15743,1
15745,1
15747,1
15750,1
15756,1
15757,1
15758,1
15759,1
15760,1
15768,1
15773,1
15774,1
15775,1
15776,1
15777,1
15779,1
15781,1
15782,1
15783,1
15786,1
15789,1
15794,1
15796,1
15797,1
15798,1
15799,1
15800,1
15804,1
15805,1
15809,1
15810,1
15812,1
15814,1
15816,1
15821,1
15826,1
15831,1
15833,1
15834,1
15835,1
15836,1
15837,1
15838,1
15840,1
15845,1
15848,1
15853,1
15858,1
15859,1
15862,1
15870,1
15876,1
15878,1
15888,1
15890,1
15892,1
15894,1
15897,1
15899,1
15911,1
15917,1
15919,1
15921,1
15923,1
15924,1
15926,1
15931,1
15937,1
15938,1
15940,1
15941,1
15944,1
15945,1
15946,1
15949,1
15953,1
15954,1
15955,1
15956,1
15958,1
15959,1
15965,1
15975,1
15979,1
15980,1
15983,1
15984,1
15985,1
15986,1
15989,1
15993,1
15995,1
16001,1
16002,1
16005,1
16006,1
16012,1
16013,1
16019,1
16022,1
16029,1
16033,1
16034,1
16035,1
16037,1
16038,1
16039,1
16042,1
16043,1
16047,1
16048,1
16050,1
16052,1
16054,1
16055,1
16064,1
16066,1
16067,1
16069,1
16070,1
16073,1
16085,1
16089,1
16091,1
16092,1
16096,1
16099,1
16102,1
16105,1
16106,1
16108,1
16110,1
16111,1
16112,1
16116,1
16117,1
16121,1
16125,1
16126,1
16127,1
16128,1
16129,1
16131,1
16133,1
16136,1
16137,1
16139,1
16141,1
16147,1
16149,1
16150,1
16151,1
16154,1
16156,1
16158,1
16159,1
16165,1
16166,1
16167,1
16172,1
16174,1
16175,1
16176,1
16179,1
16185,1
16190,1
16193,1
16194,1
16196,1
16199,1
16202,1
16204,1
16206,1
16208,1
16213,1
16220,1
16221,1
16222,1
16223,1
16225,1
16228,1
16229,1
16230,1
16233,1
16235,1
16236,1
16238,1
16243,1
16261,1
16262,1
16268,1
16270,1
16277,1
16280,1
16282,1
16283,1
16284,1
16288,1
16289,1
16292,1
16294,1
16303,1
16304,1
16305,1
16308,1
16311,1
16313,1
16314,1
16316,1
16318,1
16319,1
16323,1
16326,1
16328,1
16330,1
16338,1
16340,1
16341,1
16343,1
16344,1
16345,1
16346,1
16353,1
16356,1
16358,1
16362,1
16364,1
16366,1
16371,1
16372,1
16373,1
16376,1
16377,1
16378,1
16381,1
16386,1
16387,1
16388,1
16389,1
16391,1
16392,1
16393,1
16401,1
16405,1
16413,1
16416,1
16417,1
16419,1
16420,1
16422,1
16424,1
16427,1
16428,1
16432,1
16433,1
16436,1
16437,1
16438,1
16443,1
16447,1
16449,1
16453,1
16456,1
16460,1
16461,1
16462,1
16463,1
16464,1
16466,1
16469,1
16470,1
16471,1
16472,1
16473,1
16476,1
16479,1
16480,1
16482,1
16484,1
16489,1
16491,1
16492,1
16493,1
16494,1
16498,1
16499,1
16500,1
16503,1
16504,1
16510,1
16512,1
16514,1
16519,1
16520,1
16522,1
16524,1
16527,1
16528,1
16529,1
16531,1
16532,1
16538,1
16542,1
16544,1
16545,1
16547,1
16548,1
16554,1
16555,1
16556,1
16557,1
16558,1
16561,1
16563,1
16564,1
16565,1
16569,1
16576,1
16577,1
16578,1
16584,1
16585,1
16586,1
16592,1
16596,1
16604,1
16607,1
16608,1
16614,1
16615,1
16619,1
16622,1
16623,1
16624,1
16626,1
16630,1
16631,1
16632,1
16636,1
16638,1
16645,1
16647,1
16653,1
16656,1
16658,1
16661,1
16662,1
16663,1
16666,1
16667,1
16671,1
16672,1
16673,1
16674,1
16675,1
16676,1
16677,1
16679,1
16680,1
16682,1
16683,1
16684,1
16688,1
16689,1
16697,1
16700,1
16702,1
16703,1
16710,1
16712,1
16715,1
16717,1
16719,1
16720,1
16721,1
16724,1
16725,1
16727,1
16729,1
16731,1
16732,1
16733,1
16743,1
16744,1
16748,1
16750,1
16753,1
16756,1
16758,1
16761,1
16763,1
16764,1
16768,1
16770,1
16771,1
16772,1
16773,1
16777,1
16778,1
16781,1
16782,1
16785,1
16786,1
16788,1
16789,1
16790,1
16791,1
16792,1
16795,1
16796,1
16799,1
16802,1
16804,1
16806,1
16810,1
16811,1
16813,1
16816,1
16817,1
16818,1
16825,1
16826,1
16827,1
16829,1
16831,1
16834,1
16837,1
16842,1
16849,1
16852,1
16855,1
16857,1
16858,1
16859,1
16860,1
16864,1
16865,1
16867,1
16869,1
16874,1
16876,1
16877,1
16878,1
16884,1
16885,1
16886,1
16888,1
16889,1
16892,1
16894,1
16896,1
16898,1
16899,1
16900,1
16903,1
16904,1
16906,1
16909,1
16912,1
16913,1
16914,1
16919,1
16920,1
16921,1
16922,1
16923,1
16926,1
16929,1
16931,1
16932,1
16934,1
16938,1
16939,1
16941,1
16948,1
16950,1
16951,1
16957,1
16962,1
16970,1
16972,1
16974,1
16977,1
16978,1
16979,1
16980,1
16983,1
16984,1
16985,1
16987,1
16989,1
16991,1
16992,1
16993,1
16996,1
16998,1
17003,1
17004,1
17005,1
17008,1
17013,1
17016,1
17018,1
17025,1
17026,1
17027,1
17029,1
17034,1
17036,1
17043,1
17044,1
17049,1
17050,1
17051,1
17053,1
17056,1
17058,1
17062,1
17064,1
17071,1
17078,1
17081,1
17085,1
17090,1
17093,1
17094,1
17095,1
17097,1
17099,1
17103,1
17104,1
17105,1
17109,1
17110,1
17112,1
17115,1
17117,1
17121,1
17123,1
17125,1
17126,1
17128,1
17130,1
17132,1
17135,1
17136,1
17138,1
17143,1
17144,1
17146,1
17149,1
17154,1
17156,1
17157,1
17164,1
17166,1
17172,1
17176,1
17180,1
17181,1
17184,1
17185,1
17191,1
17195,1
17199,1
17201,1
17202,1
17203,1
17206,1
17211,1
17216,1
17220,1
17222,1
17227,1
17229,1
17230,1
17235,1
17236,1
17238,1
17240,1
17241,1
17242,1
17243,1
17248,1
17250,1
17252,1
17253,1
17255,1
17256,1
17264,1
17270,1
17271,1
17275,1
17277,1
17279,1
17283,1
17285,1
17286,1
17288,1
17292,1
17295,1
17300,1
17301,1
17302,1
17303,1
17304,1
17312,1
17315,1
17316,1
17318,1
17321,1
17322,1
17323,1
17328,1
17332,1
17334,1
17339,1
17340,1
17341,1
17345,1
17346,1
17349,1
17352,1
17354,1
17356,1
17364,1
17365,1
17366,1
17368,1
17372,1
17374,1
17375,1
17376,1
17378,1
17380,1
17381,1
17385,1
17389,1
17390,1
17391,1
17393,1
17396,1
17401,1
17402,1
17403,1
17407,1
17409,1
17413,1
17416,1
17419,1
17420,1
17422,1
17424,1
17426,1
17427,1
17428,1
17430,1
17431,1
17432,1
17438,1
17444,1
17445,1
17449,1
17451,1
17452,1
17454,1
17458,1
17459,1
17460,1
17463,1
17464,1
17465,1
17468,1
17469,1
17471,1
17473,1
17475,1
17476,1
17477,1
17480,1
17481,1
17482,1
17483,1
17485,1
17486,1
17487,1
17489,1
17491,1
17493,1
17494,1
17496,1
17498,1
17499,1
17501,1
17503,1
17506,1
17508,1
17511,1
17512,1
17516,1
17517,1
17519,1
17522,1
17523,1
17524,1
17531,1
17535,1
17538,1
17539,1
17542,1
17543,1
17547,1
17550,1
17554,1
17562,1
17566,1
17571,1
17574,1
17579,1
17582,1
17583,1
17586,1
17587,1
17588,1
17599,1
17600,1
17601,1
17606,1
17608,1
17609,1
17611,1
17613,1
17614,1
17615,1
17616,1
17620,1
17622,1
17624,1
17626,1
17627,1
17630,1
17631,1
17632,1
17638,1
17640,1
17643,1
17646,1
17647,1
17650,1
17652,1
17653,1
17656,1
17660,1
17663,1
17664,1
17668,1
17671,1
17672,1
17678,1
17680,1
17681,1
17683,1
17688,1
17689,1
17690,1
17693,1
17700,1
17704,1
17711,1
17718,1
17720,1
17721,1
17722,1
17724,1
17728,1
17730,1
17731,1
17733,1
17735,1
17737,1
17743,1
17745,1
17746,1
17750,1
17753,1
17755,1
17757,1
17758,1
17766,1
17769,1
17770,1
17771,1
17774,1
17775,1
17782,1
17785,1
17787,1
17790,1
17793,1
17797,1
17799,1
17801,1
17802,1
17803,1
17805,1
17808,1
17809,1
17810,1
17811,1
17813,1
17818,1
17820,1
17821,1
17822,1
17823,1
17824,1
17826,1
17828,1
17830,1
17831,1
17834,1
17835,1
17837,1
17842,1
17844,1
17848,1
17849,1
17853,1
17854,1
17855,1
17856,1
17858,1
17862,1
17865,1
17869,1
17870,1
17871,1
17873,1
17874,1
17879,1
17881,1
17882,1
17883,1
17888,1
17889,1
17890,1
17893,1
17897,1
17898,1
17900,1
17901,1
17906,1
17908,1
17909,1
17912,1
17913,1
17914,1
17919,1
17920,1
17921,1
17924,1
17927,1
17929,1
17930,1
17932,1
17933,1
17934,1
17935,1
17936,1
17937,1
17939,1
17940,1
17942,1
17944,1
17945,1
17948,1
17950,1
17952,1
17954,1
17955,1
17956,1
17960,1
17962,1
17967,1
17968,1
17970,1
17975,1
17978,1
17982,1
17983,1
17984,1
17985,1
17989,1
17992,1
17995,1
17996,1
17998,1
18000,1
18001,1
18002,1
18004,1
18005,1
18006,1
18008,1
18011,1
18012,1
18013,1
18020,1
18023,1
18024,1
18025,1
18031,1
18042,1
18043,1
18044,1
18048,1
18051,1
18052,1
18058,1
18059,1
18061,1
18062,1
18070,1
18073,1
18080,1
18081,1
18093,1
18094,1
18097,1
18104,1
18105,1
18107,1
18108,1
18110,1
18113,1
18115,1
18116,1
18118,1
18119,1
18122,1
18124,1
18127,1
18129,1
18130,1
18132,1
18133,1
18136,1
18142,1
18143,1
18145,1
18146,1
18150,1
18152,1
18154,1
18158,1
18163,1
18164,1
18165,1
18166,1
18172,1
18173,1
18175,1
18176,1
18178,1
18182,1
18183,1
18184,1
18189,1
18190,1
18192,1
18193,1
18209,1
18210,1
18212,1
18214,1
18217,1
18218,1
18222,1
18226,1
18228,1
18229,1
18231,1
18233,1
18234,1
18237,1
18241,1
18242,1
18243,1
18245,1
18247,1
18249,1
18250,1
18251,1
18252,1
18259,1
18260,1
18263,1
18268,1
18270,1
18272,1
18274,1
18276,1
18277,1
18279,1
18280,1
18281,1
18282,1
18283,1
18285,1
18287,1
18288,1
18289,1
18290,1
18292,1
18293,1
18297,1
18298,1
18299,1
18300,1
18301,1
18305,1
18308,1
18310,1
18317,1
18319,1
18322,1
18325,1
18327,1
18328,1
18330,1
18331,1
18332,1
18333,1
18335,1
18337,1
18338,1
18340,1
18341,1
18343,1
18345,1
18347,1
18351,1
18352,1
18355,1
18356,1
18357,1
18358,1
18359,1
18360,1
18361,1
18364,1
18368,1
18371,1
18374,1
18377,1
18379,1
18381,1
18382,1
18387,1
18388,1
18391,1
18395,1
18396,1
18398,1
18402,1
18403,1
18405,1
18407,1
18412,1
18413,1
18416,1
18420,1
18424,1
18426,1
18432,1
18436,1
18437,1
18440,1
18443,1
18446,1
18449,1
18450,1
18451,1
18455,1
18456,1
18457,1
18460,1
18461,1
18462,1
18463,1
18465,1
18475,1
18477,1
18478,1
